identifiant,theme
efee09cde26fba5704002a3180ab0bf7f2f711dbff957d39b59a8c33a6499d3e,actualité
d183794139b099c8c366eb2482b740f413f22d62bb7d6d1d06f12950ce3ae1a4,actualité
00627f5991ec8312f034b90a05650e755e28a6a8109170bce2dc053b537d2cdb,actualité
965556384a9f3ab74807d96fda6d5802b3f4b9adb93e31d24a89af0d762a1ce6,politique
f958023203a90c46a0d24df94ad3ac3bf4490491e3d612053e5a8af86e1e46c0,politique
f36fb3b5abf835bb98584339738724c967854b5c49433c1d491b32b0ac72e011,culture
efab2c11294a119b9d68392af9f66d8031f1d4c2dcdac93e3cf8f620824f6ae3,politique
fe2c62fda230229a967aa98fb2abe43cc36769554af5f3997ce048aceb4688e8,politique
d2ace1e20f1e2d846f9e549def18ab55db094ff75af5e40d7099cc2d77b802eb,politique
76c61c4ffa49ea649bac5d7833787d404c3708d9773c542ef42bda21122b8120,actualité
629291f56f39a0b6da2a92fdba78e41db9f8fdd2a0650d22e68455301704e4fd,actualité
9b602c9fff264cd458bd1e071721fab3686696b19268640e29136ecaa0ca592f,culture
4bda5245836b2384eb6a15f99cc3e851b45507ff42b2ed2d489cb6fa267434a2,culture
45d3179d0a70f76f5d18719dff471500a6e9bdb8e5e5a05032fa8ca5057e484f,politique
195a3909854411f8a96e72de2f3101696022451c583a0edde984460c0ff2c7d6,société
63957ce7f575bab4909488f54c45ef949270f16f379c476a36a4e47f0d5b84be,actualité
b90ec62464179015f48eaa8224a05035e7856f837dd65b079c0527ec4ad8a1bc,actualité
608467b90c0a8296c0558af1fa73be9ce8cb281e7c8c8da82a2276d97a37ced4,société
5740e289ae1669027541955bcfeb181cf20bc347abc8321e839caabd7fe527c4,actualité
469e915d46ffede736e4c99dfa4e0e19814b34ff8024e6d98dbd2f23524828af,culture
f548814697d294f5ab098dbd851eccfe3f164b7c7c45a4d440dd1e4c7d2dab7e,actualité
212e1979d830cb71c7f5ddfb1f47ecbf23e91793b4ae378ed3f4d6ae324a635e,culture
43df948aed0089593d49a95da78f5d87b61570dc04191f5d960d60131715b95c,politique
8fcdf9c940eeba55bbf6065d0e1237aed175d0881c8c5592543e5fdc11d0d49a,politique
b17b75fc6f3909fd7114515a074b317ba3eca1a04a1e8678bfac64e8ee66fd4e,politique
4db5fa09ef7d8af2e4380bbc05fe885b919a49becdeb1b5ae815ec0f2471f4d0,politique
f5449ec8ed4b927166f775ec9f280a9d070b86a67f2f3dd46f996ba900be5c08,société
77885bb6d6c162aa8659b4645c49a99766ade57f260f2a195f0bcc8c84929422,politique
34485037b54249d7163adb99540693f5fa5bdf669809df3ea13283764905614f,actualité
14c0f404ac31e487b527589f989ba2c4ca96f385e840bd2f635a4544c35e8638,culture
be06121af67daa0fb45e6ec93e6365b50070406c8a37486d4518e0a268e3e9e4,culture
6593a1ad574817827a00c1491b7c962f68cf4d2bba61f1f1e2fbf513e741b62f,politique
15900be1676b34ae2225e68643efc5f6c5e684f2e4b1677ed78c0b83cfef25d0,politique
de90d3f78e550b39277480bf7c81cfe47ed9fa847dd73de8bfc77e926149b598,culture
af2edbf8f788feb89b144f2d67a1a626d630fbcb37c46b022988303dad7609e5,politique
72b29a0ed4cb69a48b8a1ae457b47faa95c2f927ee36cb871a5ef7bc4d9a8a7a,politique
30bcdd76177604354f5767ddcbcd103389b381414ab8e300c8c3a8fc52b1d983,société
a1d47f1e141d7a242ba833502fc6ded1054d910f2108eb01af4c4b1730008e4c,actualité
90f513494af28e24aa815e256988bc92e4ab0e3373d57532951766d409827e64,culture
f87e5cd7a23d1a66c2ef0175b82cb73403f0f4a1be9ca6e4a21833a672ff3d81,société
dc97e7da0fb82a7110ffa356ef6e8b9cbd55554fa55964f669d70042153a9f31,société
6fbe38c9ffab9d04be8e8583956f3cef554b0886e23a44271a94f2e2137977c4,politique
3f38dae1d63be2df0f70ae0b9422f7bb71a3d34834463d71a244ddc93d2413de,actualité
6f06c3c3be2a24dd4fd5d9ea43397abd0d5aee2da7af12d936e802ff47f88030,actualité
d77218b77e762bc98ddc69766272e21bef5cb10acc939a565c31047355e167a9,culture
a3ce04c989ed65d38e355f2824519a60f72a04665cfd8abcde8af4b0651e231a,société
48604ee6147f46d05ecb27f5d5d9c978878a908567604b7c285a580c1d0fe3d1,société
bf89f8f4ac1f11a20a523b29f183e7d5242aceb89f71a3b6ba4e703d97cbb78a,politique
8d952c0733b1e60f7c291badbb8cde63587d1de7b65c1db419e284acb6f04589,culture
95107eec482e686c9f4ff892f8b8208da1f4a02062ea7ed2e5acf50f03b52eee,actualité
03220fe4b43bc828eff3051f36f0fcd7e4cc32c5e9c9b7bd9a6482d9e8c0777b,société
3328e7e9026aee73c877f3e8d68777328621a92da7d0948181c40fb3c9c98e92,politique
fa2aa6f7a009a0fa2d78f147ac4d9f8d544a7c9bc6f6118010c04de053be9c5c,politique
e0ae272ed9377adb5c22ba9c08d591579789654f2176d0608483a5f59854536b,actualité
67a1b78ea0249bbd12f6784909c2a24844b31899cbaf18a68128669180496c6a,politique
a5062d53728f2681a97319cc88865bdf43d35ebcbef8087bec3c7c483ed63a23,politique
f81be810b41dae58eb0390a5c01023557618d6eaf8ebbeee5ac5219d25dc64e5,actualité
1f748e44e332a7a23fead78c726a7b1f146081ca006ba8bbe6a467c13723312c,analyse
2538c7dbd482b49680075d7c6b3ae29bde12ee22ea350a5dc94e90145795eed9,actualité
c6be2eb9a1034634377a25e61a629194f1b964a5c8ad9497352094587d272f47,politique
48ad4ac389e0148e1873125072b23aa634828f89096fa24476b465db4feee818,société
8f849a2e09cdf21fe1265cf5a4c85fbb67beefe7908e3a47ff9f143ae21d35ca,culture
4c2a8f5d5ea0017aa3f81e97950c34d67abbfcccfbc5e47ca983678909478c28,culture
272d7e3aa1ec42efb4579396be2b6349c3941e71dd31568672b29e475ef51e88,actualité
422820e47c8f0743930323b99f657461fb41fe9f72c01a1f46b6d46c0fa2bae6,actualité
c09a7d1a3e22913dc4c9512d421febff0b0d788669af845af938fb51ba36e070,politique
91a027e97f12bda583d556f6a9c5da7f5b76260a73802a5180adafe2d2750afb,analyse
cc3676408553f57214b2e4596b64d24e3a14b9c614c8d550a754aabe8a366683,politique
88037cb892a099ebce737d4e0dca03fbbdc1d99904620a1a0247e817b1e15a5d,société
fe53670b39edc18c5aa6ec8dfed8ac6a433709d580b3967b142ac89e784dcf2a,société
4ea028500f6b5a012448fb63e296f7f8f786a64eafcf074ec3388e6a44e4f847,société
3787136ebbee3a9fb083239711fb61cc2e371aac132f6e1d282e85f00b9b7311,société
44750a26ffc646438b3cdaa3378bb21481e42b625ed639570f77974abf859847,actualité
3bf9d8ea6e35b8de7130209737e99220c82e9d3f2e3450b8b3935a93693bf683,analyse
f4236d3e788cc32b058fdadb6576cd25602594ef8a619d8022587bb833e0dda5,actualité
5c9d19c623b435b64afb7d2d6614b1a7f4153ecda9518a49dbbdd0b76de6643e,politique
a8e2d37187d9f85e6ba46155ef0ee7b9ebf57a19237864cb0af1c854932892ed,culture
eb3e24703300640c6c1049d4101eac4626609e7bde365ddd7500c73b6b888315,culture
acfddbc2fb2f975dec0c65ed12b745b11dc065f8e7f1adf3ab91878325b1e5c3,actualité
fc98da97ac789cc445abaac79def4a10a44386f4ab26830164606db3cbfbc219,société
f115ccaecb079c62d28a492696ad31bf8d73df4d42dca150e2a58beb3ade7ba9,actualité
49b5f82704781ccedf656e210e9b49eb1021fd15733595a7d741ccfcaddfc51c,politique
9c88e63d91081b89f91c2635ead276259fe5c48035e329797e135fe0da12bba2,actualité
cefec28da1c0666a4acb8bd7f3df0e6e66fdac7b2d2fa7799e40b9b07d08dc2d,analyse
4841339e86f9e8ae6aaea9e18777b14e2036b51ccc95c56c70c351e5b7942db2,actualité
5aa37acdc7aa43b6d022f54706c57d8c316feecef71377ad4ece540460314286,actualité
7f2d2ec060f3b45f3a8b35b5c2862b519f1579463a11d75e5ce45424186f94f6,actualité
4c3d4407099b90d64d1f12e6760d3b02ebd411dc55fad7535cea591d07f6a91c,culture
81f1b235fad2312ad3bfbb3b5f6da9954a25856c904f083476721456918f4a0c,culture
b614869132e0be45fe0ebf8afc80a77076d79295b4234b86bf404ce7d4c50d0e,actualité
cc937e0b6b8d4831693e85a8a51c3065fe6b409f557c048742f5d1b97bd890e9,actualité
2a92d7009e05c24825eddc025a80e0302f9d8bd0a37213e8401709d31beb51ec,société
763d352c324fbbca9689209b232f993c0226d18bd2c9d1941c091ed488f49ed3,actualité
0ea2e89d02cb8cf59b5ff0fa79ceca8d73222d98f861e86038e8990484532ee5,politique
0b63c4dc39424edcee4635edab02387550c402e3921f31d0cd3da99294b52d5c,tribune
de56d3f359b23ae6dd9d9afe0b8f7f019f8be634be0ef80509cbd8453f988bc7,culture
d31792413bd7bd975bd4732d39a009eb1889202508e3bfda30d8805b7109089b,politique
e0583a5b31eb9a02e74fba617ba742cca079c737e8b2b7442cd10af85f07f621,culture
176112d0f9c4bdcfcf0a56057244b5bbe59c76b955a5b6218a4309186ac42d96,politique
d00e41f55ba6bcf6849c6190985df6d26b2035c7edeae45c8f710b23d6fc3f1a,actualité
a2e4742363c7f881f77cc50164fe101d279859c8c3a44e4ac6ea3163c9f432f5,actualité
f8f576332302c2e8caf17de55d2a0e6319001ee11b9ff118c2f31e37ccf6df8f,actualité
68a049581121a4d7149658b6d3b94af293c776019c3852e35f498b57d92ab4ce,culture
50852f07450fb5659ae43611ec2b11685d12cb88e58dbe3dcdc9e6bd774b00fc,analyse
a455f16c54a4aae89d7059a274dacf48ecfbe683489c2adc6a844ec09135c742,politique
50a40a626a1908ccc4064005bb58979d41e5a1f25d3f8d62eed1d4ecc1aa2c67,culture
1dbcebf2f03e15a4f3c9a258782e0621f6ccee80dde1d9dffe0cd113f7e27ff8,actualité
6ef98752b3c24f95bb365810d778ebd49a6a3aff3a900a1c200bb7188a9e14a7,politique
f2fb7ba0a08e41b7d8d67f3ad91848fb56064b542ca7fabbac25d9bb431774a2,politique
16abdf1a307b7eae3bb3fbf7daf66cd567e8c63ab2019b9b5990c73d38b7f5ee,politique
a85650511c9034f5fdee85459e6e9b997ef5626be4a2499dd6f12bf4755c905e,politique
b8c8ae35dc278b78ec6a85a2ea7c90a96f106746920abd633400b975cca32fd9,actualité
e0c55710257039419414484d5513849232faf0e56893cedf5430c81228f66372,politique
8b9bb69d6b92fea797b39a5f62eadbec9d1023645226d09f01e6758eb68dfaf8,politique
494ebc9a8af22104ecc831a19bf83754f0c7b11e72798cf9f90af1d05ecf2577,société
5d80ccc8eae701ae31ccf38e261e663e9aad3532553d8e22087618a2014a634e,culture
ad606e559d6c4c0c2ec72e8882436046d965bc5ffc0f6d3690fe08e7ed8113a6,politique
4e98e3f222663194850c346e57095f3845cd58173e471ab2ff1b48e01d6954f9,politique
b136b2684876dfa381a3b8b9f4ec71890dc96bf3008156e7d5d2011b6315033c,culture
e37ab21eef63355ef2125c089d5cd8529ab5de91c0bca49efa32ce87e4c9868b,politique
2b9c5f8c433e17b9128d9e4a76f8ae21f9af50cc98b66abd33271d8d7b58d428,politique
7ed934b9d0dcb37063e95e17a7809a3b8080f365e0d3b2d858fdf1df392a294a,culture
f2ff4f2c7e81fb33b15d335ea20174bfa01eafdc69e47e99b8e6e858b988ec43,actualité
2cfe1ad495aea543c54c1ec1df5edab4b3a90242d7710c083bc8cb61cd389692,actualité
598e463252c9be38c57522e69cbdcb79988ef8896e027900407f6d466fe08c51,politique
29b9e49dc0f4f0ef3e8efc28be9a49795bc27e4ca6bf2d6e07e71ebd087915ac,actualité
9aa3f48c92708bf9a4291ae6fd56f5ef18fb5cd7ed0b00e425b7d35ef1467871,culture
531c9d0dbb9c242917ab31b03791ca380b58e2f627891ab79d0076201b9674a9,culture
b13e80bd6f259a62a564127542d4839cc44ddd014ddcb3b0d234c39dbe7824ec,culture
0f4c69c8406672f2539122227bd97f8bc3c0326ed70cfc0bdc2c46c935f3c34b,culture
f6ef2880ff05a5ee663e32f3cba9883dcfcab89384d2c3cfde13d49d9878662f,politique
45ce867a4924af2253e456db10a79d0b3a172e105762c4805a04a76bf0d655a2,actualité
4c1e9f7c77175094191c6ac5fb7cce84c82ed56e5d4fcbee553c413a41a2a1f3,société
e6cc6795a3faaf9aa0682861b2473762682757246b1aaacbf58785555b4bd34b,société
10ccb20467f71cacadd0cf8f812381d6c2694f50a97fdb040b50c6ac5d7483bd,culture
5682bae494fa5a280ae3e414439612fba41f80425f1f2f1ae79db81dde214219,culture
db146c145d90df6a9e7f4f2911d1dcedbfbd45de56a4b711812c62fa0e500aeb,politique
14ae8858466f1adaca562dc1ee089b1707272df7c324118e7600f6d81d215028,politique
73965c5e764bbd83954ba1c631a5abc97d3afdc10706b35ba443bd3e6924d898,culture
a5ae356a835f6f4b5abb6a44b63559c20a8420c81fddc3a2c9cb2da4179d5da0,culture
69e40e8792989ef8e607cc90c512f7b0d1b2eee93189bf97109749c7bc82d713,culture
a0285b535e6a232f2fb6d0ae70593c79127445b8423107f41469f3c523e2f828,actualité
a090380faade361fd2483ed0b32c9b48637e305945b5d988b631c8ab236a5be0,actualité
4982feeaee39fc9cf36e96d41c13594c909e98873473efafc93bc28348032ea9,politique
b9e267b8e39ae39a68dc295510656c3c4d7e4edc7068a498b9e41f2446f829fe,culture
83b68c7bc512005b7ffa2f77a842826d961f799af3654d484e9970bd2789eed3,politique
1602a2b4dcbfdb2b6bc445717e3a0f40d85c4a222f0e9b6f233908600d19e487,culture
e0927956a53c08bde0c30aa9901cffa52e4bcce9481da2891e9b81c1cf4c57a7,culture
4e56775e591888eb1beea90318daa74dde09f1ffa640a75a8b83b4af308cb030,culture
da0d719d1e9397246059b149f644500ed706760227a85145a4d45482982da61b,tribune
e2eb5d12f1642db6762b82cc7e89b0ec2d85a9ff7af271e7113e647339c23efe,analyse
718a0d5c9b23c73828ff82e67dbf919a652483d6aab3503dcdc7cd8e40fcbeb4,culture
66248b1292a3e666d7158b66ed41b70e04242fc31510256f01f7d406486a4f28,société
3ba05af05f71609b7cbfeb24d2aca39fe5c380ece3a77dd6a7b51edd0318ef57,actualité
768c9e74e6d35b1bc2bb6fb6cf9cd6552136b32f44756528e66a1254896028cd,société
f49cb04aa53709a3fa369c364b4f6fd136180c4d040947893fb4ab3b67103aa9,politique
0888f76c073914fd66eac4c43759c5b593f809446f90cf5b6de948fc289232a2,politique
23bc9eef19fe86042d8cc476619be81f6df166b16a003abc269cf73e2a5a1d6d,analyse
8075917320fd2521e32e4770cc4251cd05cd8e9aa5082841537aa4b8510be637,actualité
a13b1c5879c5cd4e87b36ff0bb14913d8bfce5a0ef2c1fe36d8b22e8f2d40001,analyse
aaa40280b5f52cdda8e5611df12302230dfcde78498eb0620760294b18f2d7ad,culture
5a81bff439410190d012dfb064214ecfaaddf9516e85e746142ebaa198651f52,culture
394afbb5ad1216ec05a32fff42844cd6315ad39803f0e55827cc49b2854a6f45,culture
056d6157a4730b0ad897cee1f3d785d6ef07c5a019399b3abe64ef188642f5d1,culture
709c088b81fc951484d161079e9f299fb25e2f78e9b524ea0ad9edc091b18f0c,culture
32d2850106129b2b03e5feb1f9ffd4336e85bdf91ff20cb3641fd23fc7d0ed4f,actualité
c113e75e7abdaa18e479c50c66333f30378d3572940e1a95534fc0112cee2ba2,actualité
9c8b6ce097e93909901398c95d8a1f9fe44787671da2db7d4af76f5d77f4c8fa,politique
20dc3e21518cfa5afd99af282fe0fc414a68d253c7acc88c44bff4649bcdbfbf,culture
01183e6150b5bbdcd9c014469e2b71d858045e9d56d3f4b50756bbdfe95a48da,culture
2febc5a6d3feaf7d7c974d796c1535fa4f5ee223e5585f279d269a1c4971d906,culture
b57ab4aced4123fd95206edc8a5c288825b270cd3f3666061729acf6807ef4da,actualité
2a08555e97326da22158dc36f91df57c7da3d2663db74b53f615e4004b54f241,politique
d8a1da611990fe49ab312647a515081089e108c4f99d89530554cf8072f25233,culture
499046bb6548bf2d2dfff496e1bfb348e2886591510e24b99e683f7bcad1bc3b,culture
cba7f0acc1771b28e5fa8895343b104174a96077025ffe4987338fbff03dfa70,politique
7b09aa5bf1da7d31fed87a496fab8c009281168aa98e624e5f3fbbc9e5a9b3e1,"""actualité"""
51916273ebb41a5d1d535f770b91e5cdd61b369ec7b33e7642361a1e6c962120,actualité
689a7305279d7df14fa04407577e9ecf4eb3670ed032db7f1fdf99c047a5a254,analyse
9c8d486008b912b46cf094bab6119f15fa77310ab5adbb494c51ecb756fe5235,culture
9b5d270df9500c2911111c6486e087902bae0b4b7ed547bc17254942afc3438d,politique
883a2f5a02f2a44bb1b49a44b4e1ec3a238d98a367b84728d90484a3e026ed60,actualité
f975aca21d987de552ff4dd61fe74ebee6f0ff59cc1adfe2d76d616783be0bdb,actualité
5e35c0ba006cc84fd2ecebdfad698798603851ecfe5d5a8f27295011c05bd61b,culture
1840c36721ba538e7185cb860edb29587117bd6973fd344ebc803cd7fb0eaef3,société
863bbbfcba31d161d0bb116b0534035a224225e82ff72ba9290317037a041d4c,politique
2b194799b7b67687742e9f247cc562cc7135ab712ae42b1c4164ed033a20ccdd,tribune
44360c70d3e59b7fd05f65cb05a2117fd745da1f631efe246bec96a4fc0bf6d1,tribune
81d365296dc5e9fb20fdd859819b8dabdac8b3ea227182eea57b12be3ef1099a,actualité
caf69491de9a8b48b09db11e79720e7477ccaf37f1ae0db5787b77aea27a19c3,actualité
efee09cde26fba5704002a3180ab0bf7f2f711dbff957d39b59a8c33a6499d3e,
d183794139b099c8c366eb2482b740f413f22d62bb7d6d1d06f12950ce3ae1a4,
00627f5991ec8312f034b90a05650e755e28a6a8109170bce2dc053b537d2cdb,
965556384a9f3ab74807d96fda6d5802b3f4b9adb93e31d24a89af0d762a1ce6,
f958023203a90c46a0d24df94ad3ac3bf4490491e3d612053e5a8af86e1e46c0,
f36fb3b5abf835bb98584339738724c967854b5c49433c1d491b32b0ac72e011,
efab2c11294a119b9d68392af9f66d8031f1d4c2dcdac93e3cf8f620824f6ae3,
fe2c62fda230229a967aa98fb2abe43cc36769554af5f3997ce048aceb4688e8,
d2ace1e20f1e2d846f9e549def18ab55db094ff75af5e40d7099cc2d77b802eb,
76c61c4ffa49ea649bac5d7833787d404c3708d9773c542ef42bda21122b8120,
629291f56f39a0b6da2a92fdba78e41db9f8fdd2a0650d22e68455301704e4fd,
9b602c9fff264cd458bd1e071721fab3686696b19268640e29136ecaa0ca592f,
4bda5245836b2384eb6a15f99cc3e851b45507ff42b2ed2d489cb6fa267434a2,
45d3179d0a70f76f5d18719dff471500a6e9bdb8e5e5a05032fa8ca5057e484f,
195a3909854411f8a96e72de2f3101696022451c583a0edde984460c0ff2c7d6,
63957ce7f575bab4909488f54c45ef949270f16f379c476a36a4e47f0d5b84be,
b90ec62464179015f48eaa8224a05035e7856f837dd65b079c0527ec4ad8a1bc,
608467b90c0a8296c0558af1fa73be9ce8cb281e7c8c8da82a2276d97a37ced4,
5740e289ae1669027541955bcfeb181cf20bc347abc8321e839caabd7fe527c4,
469e915d46ffede736e4c99dfa4e0e19814b34ff8024e6d98dbd2f23524828af,
f548814697d294f5ab098dbd851eccfe3f164b7c7c45a4d440dd1e4c7d2dab7e,
212e1979d830cb71c7f5ddfb1f47ecbf23e91793b4ae378ed3f4d6ae324a635e,
43df948aed0089593d49a95da78f5d87b61570dc04191f5d960d60131715b95c,
8fcdf9c940eeba55bbf6065d0e1237aed175d0881c8c5592543e5fdc11d0d49a,
b17b75fc6f3909fd7114515a074b317ba3eca1a04a1e8678bfac64e8ee66fd4e,
4db5fa09ef7d8af2e4380bbc05fe885b919a49becdeb1b5ae815ec0f2471f4d0,
f5449ec8ed4b927166f775ec9f280a9d070b86a67f2f3dd46f996ba900be5c08,
77885bb6d6c162aa8659b4645c49a99766ade57f260f2a195f0bcc8c84929422,
34485037b54249d7163adb99540693f5fa5bdf669809df3ea13283764905614f,
14c0f404ac31e487b527589f989ba2c4ca96f385e840bd2f635a4544c35e8638,
be06121af67daa0fb45e6ec93e6365b50070406c8a37486d4518e0a268e3e9e4,
6593a1ad574817827a00c1491b7c962f68cf4d2bba61f1f1e2fbf513e741b62f,
15900be1676b34ae2225e68643efc5f6c5e684f2e4b1677ed78c0b83cfef25d0,
de90d3f78e550b39277480bf7c81cfe47ed9fa847dd73de8bfc77e926149b598,
af2edbf8f788feb89b144f2d67a1a626d630fbcb37c46b022988303dad7609e5,
72b29a0ed4cb69a48b8a1ae457b47faa95c2f927ee36cb871a5ef7bc4d9a8a7a,
30bcdd76177604354f5767ddcbcd103389b381414ab8e300c8c3a8fc52b1d983,
a1d47f1e141d7a242ba833502fc6ded1054d910f2108eb01af4c4b1730008e4c,
90f513494af28e24aa815e256988bc92e4ab0e3373d57532951766d409827e64,
f87e5cd7a23d1a66c2ef0175b82cb73403f0f4a1be9ca6e4a21833a672ff3d81,
dc97e7da0fb82a7110ffa356ef6e8b9cbd55554fa55964f669d70042153a9f31,
6fbe38c9ffab9d04be8e8583956f3cef554b0886e23a44271a94f2e2137977c4,
3f38dae1d63be2df0f70ae0b9422f7bb71a3d34834463d71a244ddc93d2413de,
6f06c3c3be2a24dd4fd5d9ea43397abd0d5aee2da7af12d936e802ff47f88030,
d77218b77e762bc98ddc69766272e21bef5cb10acc939a565c31047355e167a9,
a3ce04c989ed65d38e355f2824519a60f72a04665cfd8abcde8af4b0651e231a,
48604ee6147f46d05ecb27f5d5d9c978878a908567604b7c285a580c1d0fe3d1,
bf89f8f4ac1f11a20a523b29f183e7d5242aceb89f71a3b6ba4e703d97cbb78a,
8d952c0733b1e60f7c291badbb8cde63587d1de7b65c1db419e284acb6f04589,
95107eec482e686c9f4ff892f8b8208da1f4a02062ea7ed2e5acf50f03b52eee,
03220fe4b43bc828eff3051f36f0fcd7e4cc32c5e9c9b7bd9a6482d9e8c0777b,
3328e7e9026aee73c877f3e8d68777328621a92da7d0948181c40fb3c9c98e92,
fa2aa6f7a009a0fa2d78f147ac4d9f8d544a7c9bc6f6118010c04de053be9c5c,
e0ae272ed9377adb5c22ba9c08d591579789654f2176d0608483a5f59854536b,
67a1b78ea0249bbd12f6784909c2a24844b31899cbaf18a68128669180496c6a,
a5062d53728f2681a97319cc88865bdf43d35ebcbef8087bec3c7c483ed63a23,
f81be810b41dae58eb0390a5c01023557618d6eaf8ebbeee5ac5219d25dc64e5,
1f748e44e332a7a23fead78c726a7b1f146081ca006ba8bbe6a467c13723312c,
2538c7dbd482b49680075d7c6b3ae29bde12ee22ea350a5dc94e90145795eed9,
c6be2eb9a1034634377a25e61a629194f1b964a5c8ad9497352094587d272f47,
48ad4ac389e0148e1873125072b23aa634828f89096fa24476b465db4feee818,
8f849a2e09cdf21fe1265cf5a4c85fbb67beefe7908e3a47ff9f143ae21d35ca,
4c2a8f5d5ea0017aa3f81e97950c34d67abbfcccfbc5e47ca983678909478c28,
272d7e3aa1ec42efb4579396be2b6349c3941e71dd31568672b29e475ef51e88,
422820e47c8f0743930323b99f657461fb41fe9f72c01a1f46b6d46c0fa2bae6,
c09a7d1a3e22913dc4c9512d421febff0b0d788669af845af938fb51ba36e070,
91a027e97f12bda583d556f6a9c5da7f5b76260a73802a5180adafe2d2750afb,
cc3676408553f57214b2e4596b64d24e3a14b9c614c8d550a754aabe8a366683,
88037cb892a099ebce737d4e0dca03fbbdc1d99904620a1a0247e817b1e15a5d,
fe53670b39edc18c5aa6ec8dfed8ac6a433709d580b3967b142ac89e784dcf2a,
4ea028500f6b5a012448fb63e296f7f8f786a64eafcf074ec3388e6a44e4f847,
3787136ebbee3a9fb083239711fb61cc2e371aac132f6e1d282e85f00b9b7311,
44750a26ffc646438b3cdaa3378bb21481e42b625ed639570f77974abf859847,
3bf9d8ea6e35b8de7130209737e99220c82e9d3f2e3450b8b3935a93693bf683,
f4236d3e788cc32b058fdadb6576cd25602594ef8a619d8022587bb833e0dda5,
5c9d19c623b435b64afb7d2d6614b1a7f4153ecda9518a49dbbdd0b76de6643e,
a8e2d37187d9f85e6ba46155ef0ee7b9ebf57a19237864cb0af1c854932892ed,
eb3e24703300640c6c1049d4101eac4626609e7bde365ddd7500c73b6b888315,
acfddbc2fb2f975dec0c65ed12b745b11dc065f8e7f1adf3ab91878325b1e5c3,
fc98da97ac789cc445abaac79def4a10a44386f4ab26830164606db3cbfbc219,
f115ccaecb079c62d28a492696ad31bf8d73df4d42dca150e2a58beb3ade7ba9,
49b5f82704781ccedf656e210e9b49eb1021fd15733595a7d741ccfcaddfc51c,
9c88e63d91081b89f91c2635ead276259fe5c48035e329797e135fe0da12bba2,
cefec28da1c0666a4acb8bd7f3df0e6e66fdac7b2d2fa7799e40b9b07d08dc2d,
4841339e86f9e8ae6aaea9e18777b14e2036b51ccc95c56c70c351e5b7942db2,
5aa37acdc7aa43b6d022f54706c57d8c316feecef71377ad4ece540460314286,
7f2d2ec060f3b45f3a8b35b5c2862b519f1579463a11d75e5ce45424186f94f6,
4c3d4407099b90d64d1f12e6760d3b02ebd411dc55fad7535cea591d07f6a91c,
81f1b235fad2312ad3bfbb3b5f6da9954a25856c904f083476721456918f4a0c,
b614869132e0be45fe0ebf8afc80a77076d79295b4234b86bf404ce7d4c50d0e,
cc937e0b6b8d4831693e85a8a51c3065fe6b409f557c048742f5d1b97bd890e9,
2a92d7009e05c24825eddc025a80e0302f9d8bd0a37213e8401709d31beb51ec,
763d352c324fbbca9689209b232f993c0226d18bd2c9d1941c091ed488f49ed3,
0ea2e89d02cb8cf59b5ff0fa79ceca8d73222d98f861e86038e8990484532ee5,
0b63c4dc39424edcee4635edab02387550c402e3921f31d0cd3da99294b52d5c,
de56d3f359b23ae6dd9d9afe0b8f7f019f8be634be0ef80509cbd8453f988bc7,
d31792413bd7bd975bd4732d39a009eb1889202508e3bfda30d8805b7109089b,
e0583a5b31eb9a02e74fba617ba742cca079c737e8b2b7442cd10af85f07f621,
176112d0f9c4bdcfcf0a56057244b5bbe59c76b955a5b6218a4309186ac42d96,
d00e41f55ba6bcf6849c6190985df6d26b2035c7edeae45c8f710b23d6fc3f1a,
a2e4742363c7f881f77cc50164fe101d279859c8c3a44e4ac6ea3163c9f432f5,
f8f576332302c2e8caf17de55d2a0e6319001ee11b9ff118c2f31e37ccf6df8f,
68a049581121a4d7149658b6d3b94af293c776019c3852e35f498b57d92ab4ce,
50852f07450fb5659ae43611ec2b11685d12cb88e58dbe3dcdc9e6bd774b00fc,
a455f16c54a4aae89d7059a274dacf48ecfbe683489c2adc6a844ec09135c742,
50a40a626a1908ccc4064005bb58979d41e5a1f25d3f8d62eed1d4ecc1aa2c67,
1dbcebf2f03e15a4f3c9a258782e0621f6ccee80dde1d9dffe0cd113f7e27ff8,
6ef98752b3c24f95bb365810d778ebd49a6a3aff3a900a1c200bb7188a9e14a7,
f2fb7ba0a08e41b7d8d67f3ad91848fb56064b542ca7fabbac25d9bb431774a2,
16abdf1a307b7eae3bb3fbf7daf66cd567e8c63ab2019b9b5990c73d38b7f5ee,
a85650511c9034f5fdee85459e6e9b997ef5626be4a2499dd6f12bf4755c905e,
b8c8ae35dc278b78ec6a85a2ea7c90a96f106746920abd633400b975cca32fd9,
e0c55710257039419414484d5513849232faf0e56893cedf5430c81228f66372,
8b9bb69d6b92fea797b39a5f62eadbec9d1023645226d09f01e6758eb68dfaf8,
494ebc9a8af22104ecc831a19bf83754f0c7b11e72798cf9f90af1d05ecf2577,
5d80ccc8eae701ae31ccf38e261e663e9aad3532553d8e22087618a2014a634e,
ad606e559d6c4c0c2ec72e8882436046d965bc5ffc0f6d3690fe08e7ed8113a6,
4e98e3f222663194850c346e57095f3845cd58173e471ab2ff1b48e01d6954f9,
b136b2684876dfa381a3b8b9f4ec71890dc96bf3008156e7d5d2011b6315033c,
e37ab21eef63355ef2125c089d5cd8529ab5de91c0bca49efa32ce87e4c9868b,
2b9c5f8c433e17b9128d9e4a76f8ae21f9af50cc98b66abd33271d8d7b58d428,
7ed934b9d0dcb37063e95e17a7809a3b8080f365e0d3b2d858fdf1df392a294a,
f2ff4f2c7e81fb33b15d335ea20174bfa01eafdc69e47e99b8e6e858b988ec43,
2cfe1ad495aea543c54c1ec1df5edab4b3a90242d7710c083bc8cb61cd389692,
598e463252c9be38c57522e69cbdcb79988ef8896e027900407f6d466fe08c51,
29b9e49dc0f4f0ef3e8efc28be9a49795bc27e4ca6bf2d6e07e71ebd087915ac,
9aa3f48c92708bf9a4291ae6fd56f5ef18fb5cd7ed0b00e425b7d35ef1467871,
531c9d0dbb9c242917ab31b03791ca380b58e2f627891ab79d0076201b9674a9,
b13e80bd6f259a62a564127542d4839cc44ddd014ddcb3b0d234c39dbe7824ec,
0f4c69c8406672f2539122227bd97f8bc3c0326ed70cfc0bdc2c46c935f3c34b,
f6ef2880ff05a5ee663e32f3cba9883dcfcab89384d2c3cfde13d49d9878662f,
45ce867a4924af2253e456db10a79d0b3a172e105762c4805a04a76bf0d655a2,
4c1e9f7c77175094191c6ac5fb7cce84c82ed56e5d4fcbee553c413a41a2a1f3,
e6cc6795a3faaf9aa0682861b2473762682757246b1aaacbf58785555b4bd34b,
10ccb20467f71cacadd0cf8f812381d6c2694f50a97fdb040b50c6ac5d7483bd,
5682bae494fa5a280ae3e414439612fba41f80425f1f2f1ae79db81dde214219,
db146c145d90df6a9e7f4f2911d1dcedbfbd45de56a4b711812c62fa0e500aeb,
14ae8858466f1adaca562dc1ee089b1707272df7c324118e7600f6d81d215028,
73965c5e764bbd83954ba1c631a5abc97d3afdc10706b35ba443bd3e6924d898,
a5ae356a835f6f4b5abb6a44b63559c20a8420c81fddc3a2c9cb2da4179d5da0,
69e40e8792989ef8e607cc90c512f7b0d1b2eee93189bf97109749c7bc82d713,
a0285b535e6a232f2fb6d0ae70593c79127445b8423107f41469f3c523e2f828,
a090380faade361fd2483ed0b32c9b48637e305945b5d988b631c8ab236a5be0,
4982feeaee39fc9cf36e96d41c13594c909e98873473efafc93bc28348032ea9,
b9e267b8e39ae39a68dc295510656c3c4d7e4edc7068a498b9e41f2446f829fe,
83b68c7bc512005b7ffa2f77a842826d961f799af3654d484e9970bd2789eed3,
1602a2b4dcbfdb2b6bc445717e3a0f40d85c4a222f0e9b6f233908600d19e487,
e0927956a53c08bde0c30aa9901cffa52e4bcce9481da2891e9b81c1cf4c57a7,
4e56775e591888eb1beea90318daa74dde09f1ffa640a75a8b83b4af308cb030,
da0d719d1e9397246059b149f644500ed706760227a85145a4d45482982da61b,
e2eb5d12f1642db6762b82cc7e89b0ec2d85a9ff7af271e7113e647339c23efe,
718a0d5c9b23c73828ff82e67dbf919a652483d6aab3503dcdc7cd8e40fcbeb4,
66248b1292a3e666d7158b66ed41b70e04242fc31510256f01f7d406486a4f28,
3ba05af05f71609b7cbfeb24d2aca39fe5c380ece3a77dd6a7b51edd0318ef57,
768c9e74e6d35b1bc2bb6fb6cf9cd6552136b32f44756528e66a1254896028cd,
f49cb04aa53709a3fa369c364b4f6fd136180c4d040947893fb4ab3b67103aa9,
0888f76c073914fd66eac4c43759c5b593f809446f90cf5b6de948fc289232a2,
23bc9eef19fe86042d8cc476619be81f6df166b16a003abc269cf73e2a5a1d6d,
8075917320fd2521e32e4770cc4251cd05cd8e9aa5082841537aa4b8510be637,
a13b1c5879c5cd4e87b36ff0bb14913d8bfce5a0ef2c1fe36d8b22e8f2d40001,
aaa40280b5f52cdda8e5611df12302230dfcde78498eb0620760294b18f2d7ad,
5a81bff439410190d012dfb064214ecfaaddf9516e85e746142ebaa198651f52,
394afbb5ad1216ec05a32fff42844cd6315ad39803f0e55827cc49b2854a6f45,
056d6157a4730b0ad897cee1f3d785d6ef07c5a019399b3abe64ef188642f5d1,
709c088b81fc951484d161079e9f299fb25e2f78e9b524ea0ad9edc091b18f0c,
32d2850106129b2b03e5feb1f9ffd4336e85bdf91ff20cb3641fd23fc7d0ed4f,
c113e75e7abdaa18e479c50c66333f30378d3572940e1a95534fc0112cee2ba2,
9c8b6ce097e93909901398c95d8a1f9fe44787671da2db7d4af76f5d77f4c8fa,
20dc3e21518cfa5afd99af282fe0fc414a68d253c7acc88c44bff4649bcdbfbf,
01183e6150b5bbdcd9c014469e2b71d858045e9d56d3f4b50756bbdfe95a48da,
2febc5a6d3feaf7d7c974d796c1535fa4f5ee223e5585f279d269a1c4971d906,
b57ab4aced4123fd95206edc8a5c288825b270cd3f3666061729acf6807ef4da,
2a08555e97326da22158dc36f91df57c7da3d2663db74b53f615e4004b54f241,
d8a1da611990fe49ab312647a515081089e108c4f99d89530554cf8072f25233,
499046bb6548bf2d2dfff496e1bfb348e2886591510e24b99e683f7bcad1bc3b,
cba7f0acc1771b28e5fa8895343b104174a96077025ffe4987338fbff03dfa70,
7b09aa5bf1da7d31fed87a496fab8c009281168aa98e624e5f3fbbc9e5a9b3e1,
51916273ebb41a5d1d535f770b91e5cdd61b369ec7b33e7642361a1e6c962120,
689a7305279d7df14fa04407577e9ecf4eb3670ed032db7f1fdf99c047a5a254,
9c8d486008b912b46cf094bab6119f15fa77310ab5adbb494c51ecb756fe5235,
9b5d270df9500c2911111c6486e087902bae0b4b7ed547bc17254942afc3438d,
883a2f5a02f2a44bb1b49a44b4e1ec3a238d98a367b84728d90484a3e026ed60,
f975aca21d987de552ff4dd61fe74ebee6f0ff59cc1adfe2d76d616783be0bdb,
5e35c0ba006cc84fd2ecebdfad698798603851ecfe5d5a8f27295011c05bd61b,
1840c36721ba538e7185cb860edb29587117bd6973fd344ebc803cd7fb0eaef3,
863bbbfcba31d161d0bb116b0534035a224225e82ff72ba9290317037a041d4c,
2b194799b7b67687742e9f247cc562cc7135ab712ae42b1c4164ed033a20ccdd,
44360c70d3e59b7fd05f65cb05a2117fd745da1f631efe246bec96a4fc0bf6d1,
81d365296dc5e9fb20fdd859819b8dabdac8b3ea227182eea57b12be3ef1099a,
caf69491de9a8b48b09db11e79720e7477ccaf37f1ae0db5787b77aea27a19c3,
7d1bbc7a2642c2a4165cc55b8e08a28c89e602ebc8360c1f35e1bd4cb85eabf1,actualité
081262427826231c9a12956fc75d68ac4367bc1a724143d2929644373b1e1931,actualité
83788f31f358e361b4c49f08435c7020c2700079d59392e7cd5ab3b11121ad9c,culture
a623274d9e43385ced5ae4d8c5acdf15bc6a36d07ca9d3a185b6f89faa0dcbeb,culture
343216630ae48e342d52192a492387290be7ab73c6b7f3390a5ddf01c341dd45,analyse
b5a1806f928bb22080172a21011625f27cb4f20903ff70cdec81690685005f37,analyse
8a93b35423a007b6cbb02f3c7f13df4e03f2b8c8cbb3c33c6f899d0d0d386a42,culture
857db2a97dd3216b6b3ccc0b0b82fedfdd43e53ac8b2f4554f9a4efdaa5adfb8,politique
78113a22833964cb9988344ab284cb0d066de7cf8c6f810713a2861ca9cd66c8,culture
a471384ba670410e4d461e27ffd48276b8d902a23b0e57611dd49752e2e7c912,politique
1373bc57e4f4676e0769198b0f2bb15fec8d5a56a123a02ba7e5f307405a3869,culture
9f651f40678e37c1e44b620f2765c41622b51711b277668b500b6f903eaadb6c,actualité
f3189011790a3cb467c94b7731aa5bd3fdf4003fb76ee95e8289841f45f12422,culture
6f8deb1e06447d2f92c2a99405632a9b3650236822b901e923f545c6e49695f2,politique
69f2af28db30efcc76990a2b8ab1d126f79f8c1aff562b69cbf9bce4879254b3,culture
93b1fbd7979b8670222197410c0abdddb4cd7b054672f7a452eb9990a4d607f8,culture
a6c303d30c50fd44ce5550c7462e397d9f20a7813e76b45420e43880d450de28,actualité
ed5aab94e0e26e4e61bddf5e14f065880028fc8ce146236de8f1c0adebbe429d,culture
fa005ab6e54986bbf54f7abbdb7b6697c9210042015cfe23d29430e8f3f8a046,actualité
d86716fb8d7b85010ac92af2dbd2d2970a164b0bba4c27d8cb881101f81d7ccc,politique
cdc0725168059cd706b0c362dca7f3ce1f0fa058190c371e8a58b90e6b62a842,politique
40eb5f9091f1c38e050f6ec3260ff86703784e0d4d62a6dfc13ec842d8ea166b,politique
da761f13ff9749044814d891d77141eee38bd176af06aa74ecb44498e1593a1f,politique
41277867de51fa00c030aac49bc0dc367c744a0ae4dfe651f801c2e8a544cbaa,culture
9f1e7d8d111bf16cc4f9aea39c69a3cd854726740caa25bd1544bf845c6bcb95,analyse
f6d5f6484c46ade53f2a7c98e1d6810f5911041f21c061e3412bf6633f74b291,culture
da0b00ee4342d0c5f9a7ecacada0a684e7d179296c9f24da6cedeead839e3c4c,actualité
91dd6e20130a051b16d4a05c01cf994d2f69de0cfcc304ee7c8697ebb0941bfd,actualité
94218d57632c52f82d28eab3f794e110fbe70825d1569c5dbb6609383acdbffc,culture
b732a76e444d5a6ac1e0cdb496e86c85a9d99a70cc6d65ac63f7f1664b64baf8,culture
d3f13cf1b4d0cfa84f327f76b12ae2df1f9f45aeedc5024e74e639bdd7ce1679,analyse
dddae6f493124ac20c7d60bdef8e41e79dc4bde4ccd87d4764a90a97da055790,culture
36f52eeb4c17cf299a6ffd0cd3068937d4702fb8f12fc98d9b8aeb45e0fc9340,actualité
c6d45a1f2bfe1420eb3254955b0fc56ef2d873a2146fa837711810ee37511e1b,culture
112c4433c6b2fceb9f1cfd7ef59463bf064305f9700086f96772b29d8714f7f4,actualité
c1747dfec4f4a50dd90486736b3a0dbd775dc77058aa7e726225e10a6b05fce4,politique
0422409d1ca9f7f26fd7e861d745edf094bedf585d5d8f1e0690a26269b34e57,culture
604164bc9d9c3151e12319685b557d5ff50f655d8f8605e7648a06c7482b6828,actualité
c1b9cd4d27ea2ec3ce4dd1f03a0c2c8c767268be58af3429a6582347ad220b25,actualité
21316cafa1b964fe23566610e7d3d47cc73bb19c9845ddb03805228ccaa9881c,actualité
fe35c734a8c6f26099626dbd3d02076c8fd68b284310b96f5d9b602c9bc68bad,analyse
9a9651fce890c8673d80867772f2836bfa589b6f815b311503444e8cd955ba05,actualité
18cbfc22999e952052e03a6a457c8ed78a0e0cbd28886227049cb9810d5d8836,actualité
71afeb499b688f1b9db21c79bfec654cd4752e25875624b73ca4ab71e1a14dcd,culture
9ac0d91f922093d76d7c9c2226e2ccea55adfac34e4c81c1f3940ffe2918fc25,actualité
ab157fc743b477e9245c8cec85bcc0a7ec8cb70a733de921c65fc7f8900e3020,analyse
8a4917b298ce80f731010c6609cf8dabf5c5ae4bf953c8d4eaf851de6a412184,actualité
4a2a31a5a18aba04c0fd721f42ac929706b4406d23131c23cc05987f828612ea,culture
d7709e848da0ba1d072a03bf624b32457a1c189e78ec4a35f11f70d3d8899281,politique
630901a2cbd5155e5a1647076c9f947ff25e24561f4c26aa656111bdea30f7d5,actualité
bbf029b59139e7af1e90a9bc28e2225c956e01f3978f98cb0506dbfbfbdf11f3,actualité
d413b35d3542ca56ca264cf2c0de78676c1a2c9863760c0ece4aaec86d87c67c,culture
cf4f104ff3dfb60a53d9432a533ccf037e26b3ecb8f1fac12dd726947660babc,actualité
a4d37691efe05ef8e4d093d2e1ff55d45e42cdbe8e0c23e16627dd693d20fd89,culture
59a049dff16c0e17d560af1168c6c7b571031a4f89ce868b953766fec34e9a37,actualité
7a3c92f6477548bae8368c380462b86302b34d07bff97ed6fccfdc7e72f17a92,actualité
7613b988cf8669222f4282fffbd48181e95ddf6c03f342671d22f1b7167b9200,actualité
792af8bdd127b374684bbb16a9b392a120b4d9dee49456b46f4635f1257ac1f1,actualité
883d21fff9a519f3bd3b0aa2ea431948c69c4470a93f4ba2027a315b493b3e6e,politique
0bc4804c51b7169a641995af09a4dea300f2dd3a4f3354d74a84cfbfa797a869,politique
57a1138703872d8ddc5e134c4a475ea285bebb6a691e1f7c7547168ea123145a,culture
a6a8ed94048df5a8cb23f23008c90235dd4957b3a5db30d83ad1c09164b9de66,actualité
aadc1a45f9246a3a6f9f126fa366e55ca4ec97a535c080315c00a6aca2f75ecd,actualité
beed9ba35a49f34a45caf07c91c621049a7a56e770db3cbccc94697167eec0df,actualité
a94191fb9d5556cc85e385d441e99750a7489484de9ba50433af89cbb29da880,actualité
7d18a1be5706d1f9fd0443954cbc90e5fbfa2af44fd4bee44f551078fb36b64f,politique
11c20180968e6b519d2aa90344fa9c29b645fa069e24dc783bf4503028b13cde,culture
f40e30f56a9d1ac426804dc0b7abc8ce3c5b55c691b3479a1fa608c10083042d,politique
a295c51b6fa3c652006ed7989fc24ee136af4ec451858cd2191af290a67e587d,culture
c8921aeaf41cf5e79e305f768cf67f0d6c46a6f7ab3c42054ce9a2d7a07e54ed,politique
725441d5d73704787b0e19390dcdfba833f277c366ed9b594899c6c91b1cabad,culture
f09f424682ea4e6db6bef29c2248623eaf7bb2f020afa4424f281001e3391add,culture
b8a2905dee163db063fe2bff5e96d9456e00162e10ca2540951fb4aa55cfff29,politique
396beb07df351a37dcfe3e2219d8805736f3167276c0461936ddf6acbcd2cddc,culture
f23cfbf6c5186f13f595bff5123393dd74bace20312673aef39253df36c204b9,culture
d536a51c365a4c6276374c0b671fe0d83da2fe3c5eb8a29f49b5d054c738a089,actualité
ce6222e23643c601ca68006b011dd4ec980f3a6b97ab7b0dc3d66f35ce6b4cb0,culture
cbeb65e8274c5ced3d648de1d839c2f26bd7e90b08d32503be675d75ac37ff04,politique
0410aa5f8a1d69fa7198434e9b2e1c5bdc2e7d42304e63058d16ec16b6e8524b,politique
a4158c0cab842960f675286fc484b95d08d924b88962b3766e8e8d61f26976d6,actualité
3eb7e2e6e54f7bb870dddb1e2fb92af5e231272e17545cb86b1722965c163297,actualité
0b2356cbf66c538715e31a796be5c195003b3ad0c01426e6f84fce0ae9c2f55f,culture
180a7ab740d1d5b624b5a427e0b79d366eca726f793d4a0c0cfdbb63b51f81b4,politique
e89636d5822350f1313351d566b45a87fa6159a927e63a7c95924bee6e804c02,culture
1abdb3525c646cbf32995d7dbd551c4c94c33655380d5cde34f76bfce78be9ef,politique
8b0a97125c99533985d96d51f3d7ee9da2e8e72a4a4df708f38ed03100e73e1c,politique
7e41ead3ec0c8283b4fd7291d5f1a2c3d3002611d7880e2d3b3582237b1e38d2,actualité
29b2a9e47d7bb671bd22cd03590de9618a1c78cfffb0abc679b4552f3f9c0f79,analyse
c77319fda31d668c6503eb36279e9c608680dc4a0eb2cad3718a4a284deff480,politique
67ae7e1d50ab984823acb1a3e4bd625b3967ba43930209d81cc95a0f83117ee8,analyse
a758501ba5eb5736945ad9d63109f77c779088deb1c65e55478adf02c27ddfd3,culture
104e3d332b745b0c77fca9cfa68dd78cf4127c964daee4fcc82af931f3b2889f,analyse
8c8ec806b363ab7a5bbe7afb146e34755658219f1d49f8d91bac6f9d51d14e07,actualité
a183913961c941d7668254b4a765e6d8adc4b24130dd9a7c059d3b2559ab418d,culture
9ea3146057a9b6ef388824f8b94f9506ca2f7b029dcc4b923bd080265c5c9175,actualité
3cbf74f4bb29e11eef5e461e1f51f9b2aea95fad381ce3d70c9149617eae73e9,politique
78c5d9ebddfcc659d880048dfe54fca26922b8db2a740eee1c2d69275c830d76,culture
ccbf98fc68cc8dc9f7560a8466a768a5aa5f3a21bc585b7093bcbb065bfc9e09,culture
9f117e0208b8116abeed63eea63d2ea71ec9f3b632a52fe91869cca956722e36,analyse
5489dd9c4c08d1b0ed4ff6b030ab1fe173c42a739c6f36e182ab01f7cc8d7aa2,actualité
0666fb552e69a7950a979c7a60d5f809e85878a580a822c39378e2df602849cf,actualité
75eb46465105fbf68aaec432e0fd762f7ca496e4c97586b51edfc6ddc96b6e38,culture
5c2e738474c003fb9c712f385248a0f2debe3115cb8b68fe879fdaac97dcdfac,actualité
14db6a168aab49aae53e23dcbb2a3631052b99d9badffce5e3b042ad470ff68b,culture
dc1071b3f535feaa7f1e2621b52882d2d2d09178954aa3875579a73c6871053c,culture
fc99f4b51846d3ab657dd07a4af14d74ed9080ae26c78b47cdea44fdfd73483f,actualité
ef65f72c50984f07ebba35a83b7452801d5042585c5f9e0b2a4d674fa7ef29ae,actualité
c5c6f772f16b66b663a17995ed189c2ff7fb9902c0df8f716979eb498af7b1f1,actualité
a50b92af588a7e4696ba979cb447567ac71fb2ae8f3ea8350e3f358e05f3251d,culture
ff4aaa324f3b4ce705d1379967420a5f8db8d60d0453d8ccd9435a0a50737805,analyse
bce939d2b9f39f6220de545f8e5e79583b3acabb8e00b0d3744b433685365369,politique
56d40e5766105b7bc213746208f699cd2ed3127ea704a850b14a6df1bbddb5c3,analyse
c8a48f129ffb3c28363b706bb621c8564127931567277cab13dd5d29204d6c68,culture
4c3a532358b34001bbd009184b291cfc7cd0603acc44ce18bf3c6ea1f2bb17c9,culture
8f2a956605f3b5e397f8e8bd5312660663f70f444e0ce4069fc324325fed84de,actualité
95e73c8deb87930f7c9352e69b3da1b8f06f86cbb239fd4c487a1aa88f2eb335,actualité
d8a1da611990fe49ab312647a515081089e108c4f99d89530554cf8072f25233,culture
1db512db1f04ed72845030114120dda640006d5185299b20c1c033ad4e937aa8,culture
1729325d52571ca0c961d8fae223653fa08580dc874c7b1d1085aff83eb3feeb,analyse
806b040cdb31b3f210c376bfe8bbb354133100118ffae262112d6743f7f8fe81,culture
26bbe53d5b6ebe8c1b1e10bf228303922bb0091f64731308030658b23eef2428,politique
b833ef6b0d2fb35c4a0e8f5f17ac389d5eb120dfeac3f36a0858d1cc39c0f393,politique
4be75f0364f9cbefcf5c392a7326141976048b778c00cb86377bb8575c69fde4,analyse
c52578f8f73c9bbfb9900786f61944d6fba61fbfcd20b9447a1fb7ff206d9cfd,politique
3275321480bfd0c03ec9e4765e5ed525589e9110cba412ed0046ce7512be8252,culture
fef906fce0bc4ae89db71e5608ecce746a2eb12befc44b456cf028be39c21b4b,politique
bb3a01f97173da9e4e65a2f72e774d494fa55c06b1b71cc119b9faef18051984,actualité
a1cd9e596e5a111f55dbf25aef6500e7cd1574b214a8020cb4ff7a1767a90e49,actualité
a588f818181d16971d562b130ea9a8e8e787dfc6967cc654f8fee894fb861c7b,culture
b7bac3bd1b599ad8234d2094716838ac3cde9411750b13d46e4ee56c9624e093,politique
54b37213ba226df2ea34beb3570c14725dc3b9d41fa25471d126ec574278f389,culture
77dd9704c3ea185068bad26906a1970d6754059b62ccd3915eea9fae20b85bbe,analyse
d8118710c5d5e7b88f908e9ad4d62d0c05801084b75c987878dfe2fcbe33789d,actualité
a71a4b78c1c52684bcacd60421ed9752c56e9014e8a407ab2c0bbcb6d24d9a44,culture
d1132de6cee51e34e3fce862245812e5b1422465c06001c2fca91be3674badd4,actualité
765a026a215b67d0f2beb0ffa3244050c3b00ed3fd6254bb2ac95b9ca53358aa,politique
09989f80dbcd648be47e5ffb508d08793a6f739ad2f003504b96aa9088e71802,actualité
846d12e7e53bdd2074e8a29d69c193ce91541360f48fca7bf72c182f2274239a,analyse
ed92c494ca97b7b3e05ed93b3538c1912f1b92c1f2e16fdba3c1116fc74b5169,culture
3c4c2616f6b69ba2ff687436b344b48136d3eea40b5c92973eb9b293ca9ebee6,culture
5d6f70225c72995ace0113155abb46c6dedb2e7ac9efb6bb7466a80d4389841d,politique
a1f0479bb766d8edeabfdf5484e64f573ddb17ab36a70b47f1a8a9b8cc6866ba,politique
09c2b9cc0e6571a3f68ec65f3db325ca711be475e00582614b322fb21e5c959b,culture
d5c8b6b90ac2485178c541b0fdeb1f34139cabf74fe72bc0915ed875473b6843,analyse
7671f2e255f01e9c14b3956889a212448a874db9a9e6ff4fb95288de4c85c4f0,culture
66fa37dd1f83b67a8e8651dfe4e658393b134fecfba935c0c7e627a0196d0ef7,politique
73a193eb9702f85f45221ec02fb88a6bd00d20f27960cb53a94d8389ee50a795,actualité
4c02f81b9fc8114e69c062ad399336cde1eb9c397efd5b6b8cd6808db6b46504,analyse
d55c8391335c221d81d9612afd2b1df03b330e9a268431011640a5c56cd134d1,politique
ca580ab40aa9dfa38a9db780feda8bc3fa3ed281f39a75da4c07ff8e0fa0e2aa,politique
af2eafab7c8ca46b6a57531f35d07192fb6631536671aa5fcb508a12b1430ad4,culture
4defaa24280a1ab253b5dfa5ba75cd7f991c373c1f988ce4a58c32c70a3d4484,culture
0bf65a74023dc2ec94ba0a303af07d2ee4efe6eeff9d272fb0ccbfd9324aa224,analyse
3edb44a9cb6d9db0c1f449280d8ef77875991f04b8be62785f153846bcedecf1,actualité
1c2be28d1c2c39c87a0499b9fa271394f56248690e7eaad73596aa14490c542e,culture
43f82e51ab4292b0cbcc37fee8d12d2debc5de2218d5eb6f03cdafe55bc30f19,analyse
cb52acd1ce6b9dc7210c42d6a7ab59ce133741137a2547f67155b5824d176692,actualité
25ee154307d71c587be17dd2689b6f982f6b96b1311c925d58ff7115f1f9940a,politique
a8f4425cf1edab93840235f89801a621066ac5928c1858a353adaecfdb670b3a,analyse
979e4ee932438b970862d287e2c2703a0976d934136b40b89f79514a6eea131f,culture
ca70aa6da7833460efa602152edadf22937c9bcf5852c65c06b527a56e66e678,analyse
e602d621c11a18911223f3eb221306de7ba3ed6eaf59c7dc3c50901e99d22d79,actualité
ca613dd0cadf24b456596ae33c4ac0dac8708ad4047648b0c20d74ae624545d1,politique
c318e6211f7442a748e81ea1d60357a53fe69ac1e0474a952a9bd1c66f030bae,politique
2153ad94a03f680e4c39c903322cf60e8be22e14bec0e9fb6ecc591561aa4bf8,culture
a5448a718fc25bbab7f0d71d92d459fcfef3c14622832908f0365ba41df0ab4d,analyse
3cee1c4036a99d077196a6f65d082782b4ad931d408395c03fe6c5193870c9fa,politique
7ac2388761b0e9f33dba6633c8efa3d837dc3715dd67fc034a49239419d48de3,culture
d3e66a6526618cbf5f22945428a74f0130b19bfde3cf0fba6cc67d407914ccdf,analyse
ce4c6d73707256f758843cc2d3eec94f84c1972c9965c6aa6290454084216054,culture
9a5e3997aa8d05bb922b99a51cba1f3f5316f8b403c118b6a31d0475186e9d4a,culture
ed3d8e4ab7f65e8fc8658e57c142f31ffae45541ecbfad2a2d5c37dd52752ab9,politique
aea1156f2266a3bc58e6276c17b3c055c01d374427da9e1751f27313e8fc3a83,politique
d0a8baca96b6f73aa3d08b90027e4b674cd968853e69a13aa755e56165955f9b,politique
d1eb6b803b9551d138b8134708694e63019aedd99a0f8a2994b6db36658062b6,culture
a19f1fecc27a60a499b365596b945b2a206c5509b93c8b9318f81af326d7b939,actualité
d8b78a3287d090f9a61ad93726df158fb63fa817b3ae3712ff044171bc02fa95,politique
969c2569164b3ceecd75ae16be9e1cb164008eae9a371bf17442199905045cfd,culture
73a93794a0ab0fdebb85fe142ef11f25de5cdfb75b8e74f3e25335d6b37dd59d,analyse
029d70f91a3f757ca97fad9223fd1193873382f4c319098dd04b8d6e57d5effd,culture
2b5c70db8193621ff06d7bfb765288d9dad774c875e70145364e3d0caca01ea6,analyse
051b14bfccbe85ec896f4f75244cf05c27b65e6654cb310b008744d5d001be65,politique
357b10817084339efe5e66217f65f3f7281e61693f61640875b37643691d716a,actualité
fb6ddc8bb71705da3bcaa67413562dbfd2a0495d2b0f59cc99d6ac2f8487026a,politique
daedfd858b254d7a508a557eae48f5733543e1fe3ce5f966f486bf0f52bcf95c,analyse
753a035932c230282eaf3c48ec653015b6787d696fe0c246b7aab0c27f881ca7,actualité
fbb9fc1252f4337a64f520ce3f8ac2abe1c295d4f8fbddccbe9c62630851efcb,culture
30680229ec1cd745a8636c627ad3345fd62392816e4cb8eccba6ef684d854d8e,analyse
a0b611ca94ca1073e06e4f77870386ed4d1f033d15a394a713d06a4aaae0c5f4,politique
05d0843e5b1ad2fde8a058565a145e8101b03422a50270b93bf5e110b4586e40,actualité
2c4b4bcc108397276d9be21539ae311670a24eb24e626f0ee48b6a5deb49368d,politique
8130774822fd02ee5a1b115dcb95fddc5d28be6fee6c8110c77881c514223d52,politique
5f0a0125a83b3cf85c30619472abb23e7c482f4235a6f114eb45d284b9dea37a,culture
eb90c604e79f5fab71505e443b68dc7bd6f8ee9bea0cd9a54d40e001db591996,politique
01d9b67bc79701339320e4ea9d7ab8b8242d35cff49138790685d6d0b3489de8,actualité
74a7c4d60c200e693298dab208b0cb06d4276a58f711370bde32589f064a2dbd,culture
21ada4f06c7ad8bc51caafee2f2adab2304c8c38aaa6356822183bf2610aab55,analyse
9b25cb72dc4344f53ec908dde0a29828bf7b51c59e621f128324c74aa5ad8489,analyse
b18fb7bb6f21edd090915dddb5325b40769dc714aab5edc7710da66e57b0b955,actualité
29aaa15ca2bf537c91fe10e96728d667496e6cdd9edc89d51de4daca28ff7c20,actualité
a6e298571323825f285e3c13623ec61f2e481101db5b841cf15edc65da5eebb4,politique
94f80ac48b2461618a893bca14e230bd0aa7f9d2a99128576b4367333e3710d3,culture
07ac78c359cc4bdd0e9990ef9bd4844d80546ff9d9b3fe2fdd23d4c3adcbd685,analyse
c9b9d42b966c80c369ef4b286bfc046bf299c0cc5170d4dd804df5e91aaa3102,culture
eabd3b637307b2b33b800f9b6ffc3e46255f4cf4795d9c9e749cc3b16b0cce29,actualité
b3bb400cd3ed596ea7932b406df9920c3c339aa8c131a2d465cf6f29b83233f1,politique
7a08bbc4c8828b8ae5550dcabaad092a9c64a96ba99eb4ead0ad4c0f6749b64b,culture
6163419579ede80f671231b49b498eb7963d5cea93726cbee36de8caa357a972,culture
0816becfb1afb5892cd706398b85516ccdf7efe284b184d086ab67c1bb54dcc3,actualité
d33824a68dc41019b9c7607a5e0dad9c865bb5c48324c309386c0544422afaeb,actualité
b2a4e0f965f89ec54af1a183a71581de3913f47faf92994c12847cc4a010b52c,actualité
781c6c2451e1533695b477176caa54154b54aa23a6648f703e7ade4b4c03c46d,culture
4e2e41aedad9521c27710c74dc44c2b8e51e2962f3700994e277d616268cffe2,analyse
c6f545930017bf841760ecee67b64b466fc1858742df5925391cfd8071299ad8,culture
ff6cb5b36bf511cf787b8f292b5bdb349171d6f448023226716ed8d24326cc13,analyse
88bcaf6a5ed6e59645e2b31825a83973a20f18cbc2bfe8580639cbb2c7e4adc6,culture
80444fe7c9f3a78a071e55e4da338fa2a587c57332921eba9c1ab79df6936ae1,culture
e1ce2884515d4bc582ee29a53f9bab2f213e44919c9eb76d08791ef3fcc01073,analyse
32610b113b255439e0a592207b95e34d5c63a640f5791517d222a2a35eaf307a,analyse
9c852dea00128c3a4a46e445a328ee894309c95b4a3acdf36a473b45642de0bc,politique
88a6e480ca01d9e34e951f0c50a84f7bce2c5283706d4dce6247c41942359788,actualité
577d50c3b6659f2bd4daf4ce0e6f3cc1668505712be2663ca981cb790a86466b,analyse
e0297ca42304b835f93f36b0ad1366dcab49366369a42df7d3df530f99c08f5c,politique
0a0afc222786e4b5885183416dac469e14f1dfca14112131ad99859a0d6ee884,analyse
08f84212ea5ee41ed0898df9b1f5aafe29015fb9c153356e69e5d4a91050ef8e,politique
336339e4a147d41a5e49e688ad921448a2ace85bd9b04ea97db41b90471e6eaf,analyse
bc3c6f3a420e0c6b560ac86ff56040ddfeaa205aeb59295f9f003b01053d4c31,culture
14b11905ef175a054ca52634be88dab5961ca3bff5222e0350911fd12f9f2a96,culture
7364ccbdd7d5c2697d3cda79575b08241420c8072ecb3b0b2a4fb5e94e5d3f1c,culture
7a9b47ae53c2ae4ab61a6b7a987a15391c0453d63d9891268e2daa31564db751,analyse
db5f0d9b281a4448fc336ced1392e8b822224f3b483c6e74b4bb8e0aff5c17d8,actualité
0d333f578a5945fc5ce98ae415ee5d002d9898b21b3433197127d6ef7e44a34d,politique
eed0751959ce042f43df94bf4b6ade90bdb97ae797819acc79fcfa784f5d78f9,politique
aa648e1b6ac16bbbe6312b4bb6830fc8c6d4d8a896d87e51a2e09efe1ec63418,analyse
87913726984365c61fbb64a94ea3c9d64189dc2eea4b59b4306fe3102e76c592,politique
18fdadc582c27bdaafd3f5b0965d8fe10db461eeacf088d38cfa1e3063c6d555,politique
4bbd54404e79e6576f9a442a6305045e04099aa465a70f893ed7d96f221bfd77,actualité
f0e8ce4d4c28df1986bfe12f385fe079e8f0449b6d2c9eec34a1884ffc7543c6,culture
2114c4a2aa00e762bdd58c52f82fbc25997293b32aac82707784ea4b2f1903c9,politique
c0baeecffde8844a44d9b7e9fdd1fb49c4b7d1fe03592fe57fbfe426dc74f708,analyse
ba7ec85d08052ad30b41368e081875520d4e3fba593a74b3e12c44cf29521ec4,analyse
50ab4f50c04100b29ce4179123d58a7c56e7c4d2800316321e58e5138b392f59,
569aa8248c59c1efa05dfc0157fc31a6410187777dda44792e710efacabc9364,actualité
25349a3f6d436ba907c3fccaed797502c7e03e1328f6533ac7993d6d9b3a3909,culture
